<?xml version="1.0" encoding="UTF-8"?>
<blueprint xmlns="http://www.osgi.org/xmlns/blueprint/v1.0.0" xmlns:xsi="http://www.w3.org/2001/XMLSchema-instance" xmlns:cm="http://aries.apache.org/blueprint/xmlns/blueprint-cm/v1.1.0" xsi:schemaLocation="
         http://www.osgi.org/xmlns/blueprint/v1.0.0 https://www.osgi.org/xmlns/blueprint/v1.0.0/blueprint.xsd
         http://camel.apache.org/schema/blueprint http://camel.apache.org/schema/blueprint/camel-blueprint.xsd
         http://aries.apache.org/blueprint/xmlns/blueprint-cm/v1.1.0 http://aries.apache.org/schemas/blueprint-cm/blueprint-cm-1.1.0.xsd">

  <!-- <cm:property-placeholder persistent-id="com.finopaytech" /> -->

  <!-- <bean class="org.apache.commons.dbcp2.BasicDataSource" id="dataSource">
    <property name="driverClassName" value="com.microsoft.sqlserver.jdbc.SQLServerDriver" />
    <property name="url" value="${ESB_FRMDB_URL}" />
    <property name="username" value="${ESB_FRMDB_username}" />
    <property name="password" value="${ESB_FRMDB_password}" />
  </bean> -->


  <bean id="dataSource" class="org.apache.commons.dbcp2.BasicDataSource" destroy-method="close">
    <property name="driverClassName" value="org.postgresql.Driver" />
    <property name="url" value="jdbc:postgresql://localhost:5432/spicemoney" />
    <property name="username" value="postgres" />
    <property name="password" value="root" />
  </bean>

  <!-- <bean id="dataSource" class="org.apache.commons.dbcp2.BasicDataSource" destroy-method="close">
    <property name="driverClassName" value="com.mysql.cj.jdbc.Driver" />
    <property name="url" value="jdbc:mysql://10.15.15.229:3306/fuseDemo" />
    <property name="username" value="root" />
    <property name="password" value="root" />
  </bean> -->

  <!-- <cm:property-placeholder persistent-id="HelloBean" update-strategy="reload">
    <cm:default-properties>
      <cm:property name="greeting" value="Hi from Camel" />
    </cm:default-properties>
  </cm:property-placeholder> -->

  <!-- <bean id="helloBean" class="com.fino.esb.HelloBean">
    <property name="say" value="${greeting}" />
  </bean> -->

  <bean class="org.apache.activemq.ActiveMQConnectionFactory" id="jmsConnectionFactory">
    <!-- <property name="brokerURL" value="${ESB_Transaction_amqbrokerurlFRM}" /> -->
    <property name="brokerURL" value="tcp://0.0.0.0:61616" />
    <property name="userName" value="admin" />
    <!-- <property name="password" value="esbadmin@123" /> -->
    <property name="password" value="admin" />
  </bean>
  <bean class="org.apache.camel.component.jms.JmsComponent" id="activemq">
    <property name="connectionFactory" ref="jmsConnectionFactory" />
  </bean>

  <camelContext id="blueprint-bean-context" xmlns="http://camel.apache.org/schema/blueprint">
    <!-- <route id="timerToLog">
      <from uri="timer:foo?period=5000" />
      <setBody>
        <method ref="helloBean" method="hello" />
      </setBody>
      <log message="The message contains ${body}" />
      <to uri="mock:result" />
    </route> -->

    <route id="producer">
      <from uri="restlet:http://localhost:8088/data" />
      <log message=">>> Restlet headers ** ${in.headers}" />
      <setBody>
        <simple>select name from fuseInstance where id = 1 </simple>
        <!-- <simple>select X_CorelationId from ESB_FRM_Request where RequestID = 14</simple> -->
      </setBody>
      
      <log message="SQL Body ** ${body}" />
      <to uri="jdbc:dataSource" />
      <log message="DB Body ** ${body}" />
      <to pattern="InOnly" uri="activemq:queueConnection" />
    </route>

    <route id="consumer">
      <from id="" uri="activemq:queueConnection?concurrentConsumers=1" />
      <log message="Consume Data by Active MQ through Producer ****** ${body}" />
    </route>

  </camelContext>

</blueprint>