<?xml version="1.0" encoding="UTF-8"?>
<blueprint xmlns="http://www.osgi.org/xmlns/blueprint/v1.0.0" xmlns:xsi="http://www.w3.org/2001/XMLSchema-instance" xmlns:cm="http://aries.apache.org/blueprint/xmlns/blueprint-cm/v1.1.0" xsi:schemaLocation="
         http://www.osgi.org/xmlns/blueprint/v1.0.0 https://www.osgi.org/xmlns/blueprint/v1.0.0/blueprint.xsd
         http://camel.apache.org/schema/blueprint http://camel.apache.org/schema/blueprint/camel-blueprint.xsd
         http://aries.apache.org/blueprint/xmlns/blueprint-cm/v1.1.0 http://aries.apache.org/schemas/blueprint-cm/blueprint-cm-1.1.0.xsd">

  <cm:property-placeholder persistent-id="HelloBean" update-strategy="reload">
    <cm:default-properties>
      <cm:property name="greeting" value="Hi from Camel" />
    </cm:default-properties>
  </cm:property-placeholder>

  <bean class="org.apache.activemq.ActiveMQConnectionFactory" id="jmsConnectionFactory">
    <property name="brokerURL" value="tcp://0.0.0.0:61616?jms.useAsyncSend=true" />
    <property name="userName" value="admin" />
    <property name="password" value="admin" />
  </bean>

  <bean class="org.apache.camel.component.jms.JmsComponent" id="activemq">
    <property name="connectionFactory" ref="jmsConnectionFactory" />
  </bean>

  <camelContext id="blueprint-bean-context" xmlns="http://camel.apache.org/schema/blueprint">
    <route id="producer">
      <from uri="restlet:http://localhost:8089/data" />
      <log message=">>> Restlet headers ** ${in.headers}" />
      <setBody>
        <simple>{ "name" : "rahul" }</simple>
      </setBody>
      <to pattern="InOnly" uri="activemq:queueConnection" />
    </route>

    <route id="consumer">
      <from id="" uri="activemq:queueConnection?concurrentConsumers=1" />
      <log message="Consume Data by Active MQ through Producer ****** ${body}" />
    </route>

  </camelContext>

</blueprint>